marka,model,araba_yasi,kilometre,motor_gucu,fiyat
alfa-romeo,159,18,310100,154,539000
alfa-romeo,159,22,535474,154,459300
alfa-romeo,159,22,392471,154,493400
alfa-romeo,Giulia,6,112100,111,740000
alfa-romeo,Giulia,9,110640,111,784810
alfa-romeo,Giulia,9,141880,111,756970
alfa-romeo,Giulietta,9,138769,111,558660
alfa-romeo,Giulietta,12,184400,111,482000
alfa-romeo,Giulietta,12,132184,111,558220
audi,A4,3,122176,150,2450890
audi,A4,4,70600,140,1956000
audi,A4,4,65000,150,2400000
audi,A4,5,80000,150,2300000
audi,A4,5,122750,140,1689370
audi,A4,6,100000,150,2100000
audi,A4,7,5000,140,2164800
audi,A4,7,5000,150,2898900
audi,A4,7,5000,150,3247000
audi,A4,10,131500,102,1053000
audi,A4,11,164525,102,860210
audi,A4,12,154030,102,856010
audi,A4,18,361600,110,501000
audi,A4,18,179800,110,642000
audi,A4,19,189675,110,608680
audi,A4,21,313100,115,562000
audi,A4,21,498080,110,475310
audi,A4,22,312542,110,504820
audi,A4,22,150171,115,610050
audi,A4,23,201202,110,521190
audi,A4,23,297152,110,488200
audi,A4,24,204600,110,480000
audi,A4,24,404936,115,481080
audi,A4,25,297805,110,480000
audi,A6,7,130000,190,2100000
audi,A6,8,150000,190,1950000
audi,A6,9,170000,190,1850000
audi,A6,9,143491,190,1850120
audi,A6,10,172300,160,1542000
audi,A6,10,284970,160,1491500
audi,A6,11,210000,140,1250000
audi,A6,11,234479,140,1250000
audi,A6,12,240000,190,1450000
audi,A6,12,259680,190,1351180
audi,A6,13,184970,190,2100000
audi,A6,13,249820,160,1477700
audi,A6,14,280000,140,1000000
audi,A6,14,491960,140,998780
audi,A6,16,190470,140,1250000
audi,A6,17,184800,190,1472500
audi,A6,17,361200,140,1000000
bmw,3 Serisi,1,15000,184,3800000
bmw,3 Serisi,1,10500,184,3800000
bmw,3 Serisi,2,28000,184,3600000
bmw,3 Serisi,3,47400,182,3230000
bmw,3 Serisi,3,40000,184,3300000
bmw,3 Serisi,3,33180,182,3230000
bmw,3 Serisi,4,60000,184,3100000
bmw,3 Serisi,4,5000,182,3230000
bmw,3 Serisi,4,43200,184,3262000
bmw,3 Serisi,4,5000,184,3800000
bmw,3 Serisi,5,80000,184,2850000
bmw,3 Serisi,6,105000,184,2650000
bmw,3 Serisi,7,118400,101,1312000
bmw,3 Serisi,7,171128,184,2381200
bmw,3 Serisi,7,158400,184,2510100
bmw,3 Serisi,8,112444,101,1312000
bmw,3 Serisi,8,128000,184,2850000
bmw,3 Serisi,9,131900,101,1312000
bmw,3 Serisi,10,187800,121,1130000
bmw,3 Serisi,10,190000,170,1750000
bmw,3 Serisi,10,141424,121,1130000
bmw,3 Serisi,11,210000,170,1650000
bmw,3 Serisi,12,139700,121,1087000
bmw,3 Serisi,12,230000,170,1500000
bmw,3 Serisi,13,222500,121,919000
bmw,3 Serisi,13,399625,121,838270
bmw,3 Serisi,13,381150,170,1408100
bmw,3 Serisi,13,5000,121,1128400
bmw,3 Serisi,14,280000,170,1250000
bmw,3 Serisi,14,161864,121,1028700
bmw,3 Serisi,14,230180,121,919000
bmw,3 Serisi,14,294000,170,1351500
bmw,3 Serisi,16,300000,170,1307000
bmw,3 Serisi,16,190000,170,1750000
bmw,3 Serisi,18,350000,170,950000
bmw,3 Serisi,19,490000,170,950000
bmw,3 Serisi,20,577000,170,950000
bmw,3 Serisi,23,322300,182,902000
bmw,3 Serisi,23,559318,182,902000
bmw,3 Serisi,24,303400,101,410000
bmw,3 Serisi,24,295000,182,883000
bmw,3 Serisi,25,516250,182,883000
bmw,3 Serisi,26,490050,182,883000
bmw,3 Serisi,26,361622,101,410000
bmw,3 Serisi,28,319690,101,410000
bmw,5 Serisi,15,300000,160,1100000
bmw,5 Serisi,16,321000,160,1073800
bmw,5 Serisi,18,330000,160,1012800
buick,Century,24,463000,123,272000
buick,Century,25,589625,123,272000
buick,Century,27,324100,123,272000
buick,LaCrosse,18,346584,184,666000
buick,LaCrosse,21,348400,184,666000
buick,LaCrosse,22,333800,155,436000
buick,LaCrosse,24,585252,155,436000
buick,LaCrosse,25,308674,155,436000
buick,Regal,3,53900,155,1051000
buick,Regal,4,73286,155,1028300
buick,Regal,6,42043,155,1051000
buick,Regal,7,118900,184,1473000
buick,Regal,9,133168,184,1473000
buick,Regal,10,135500,123,741000
buick,Regal,11,170730,123,676100
buick,Regal,12,203250,123,613700
buick,Regal,14,242500,123,523000
buick,Regal,17,314800,123,390000
buick,Regal,17,173325,184,1248900
buick,Regal,18,550186,123,390000
buick,Regal,19,360944,123,390000
chevrolet,Aveo,12,143400,48,186000
chevrolet,Aveo,12,148700,70,240000
chevrolet,Aveo,13,105745,70,240000
chevrolet,Aveo,14,172200,48,186000
chevrolet,Aveo,14,255777,70,240000
chevrolet,Aveo,15,121088,48,186000
chevrolet,Cruze,10,111800,70,283000
chevrolet,Cruze,11,103974,70,283000
chevrolet,Cruze,12,151042,70,283000
citroen,C3,3,40000,110,1050000
citroen,C3,4,68000,110,1041000
citroen,C3,6,44800,110,1050000
citroen,C3 Aircross,5,90000,110,880000
citroen,C3 Aircross,6,117000,110,880000
citroen,C3 Aircross,7,79200,110,880000
citroen,C4,1,10000,110,1150000
citroen,C4,1,13000,110,1150000
citroen,C4,3,8800,110,1150000
citroen,C-Elysee,6,110000,110,810000
citroen,C-Elysee,7,130000,110,770000
citroen,C-Elysee,7,136400,110,778000
citroen,C-Elysee,9,226100,110,695800
citroen,C-Elysee,10,106600,110,810000
dacia,Duster,1,10000,110,1050000
dacia,Duster,1,14000,110,1050000
dacia,Duster,3,60000,110,960000
dacia,Duster,4,75000,110,890000
dacia,Duster,5,66500,110,856800
dacia,Duster,6,57600,110,960000
dacia,Duster,7,66500,110,853800
dacia,Duster,7,131250,110,890000
dacia,Sandero,1,16000,115,1040000
dacia,Sandero,1,11200,115,1040000
dacia,Sandero,2,28000,115,1010000
dacia,Sandero,2,35000,115,1000000
dacia,Sandero,3,55000,115,980000
dacia,Sandero,3,49000,115,1000000
dacia,Sandero,4,22400,115,1010000
dacia,Sandero,4,31500,115,1000000
dacia,Sandero,5,48125,115,980000
dacia,Sandero,6,120000,110,760000
dacia,Sandero,7,140000,110,690000
dacia,Sandero,8,160000,110,660000
dacia,Sandero,8,134400,110,690000
dacia,Sandero,9,180000,110,620000
dacia,Sandero,9,100800,110,760000
dacia,Sandero,10,134400,110,690000
dacia,Sandero,10,307800,110,620000
dacia,Sandero,11,176000,110,660000
dacia,Sandero,11,216000,110,620000
dodge,Avenger,17,329100,102,303000
dodge,Avenger,18,283127,102,303000
dodge,Avenger,19,368592,102,303000
dodge,Caliber,7,100100,68,317000
dodge,Caliber,8,154154,68,274300
dodge,Caliber,9,130340,68,317000
dodge,Caliber,14,151500,68,243000
dodge,Caliber,14,138600,68,223000
dodge,Caliber,15,197118,68,213300
dodge,Caliber,15,100065,68,223000
dodge,Caliber,16,265125,68,243000
dodge,Caliber,17,173460,68,223000
dodge,Charger,4,56500,88,535000
dodge,Charger,6,53675,88,535000
dodge,Charger,7,5000,88,535000
dodge,Neon,21,311148,102,287400
dodge,Neon,24,424100,68,152000
dodge,Neon,24,249300,102,314000
dodge,Neon,25,279607,102,314000
dodge,Neon,25,530125,68,152000
dodge,Neon,28,538408,68,152000
dodge,Nitro,15,160300,145,698000
dodge,Nitro,16,221214,145,698000
dodge,Nitro,18,121828,145,698000
dodge,Viper,18,349900,68,150000
dodge,Viper,19,248429,68,150000
dodge,Viper,20,426878,68,150000
fiat,Egea,1,9000,95,980000
fiat,Egea,1,12000,100,990000
fiat,Egea,1,10800,100,990000
fiat,Egea,2,30000,100,950000
fiat,Egea,3,45000,95,840000
fiat,Egea,3,21000,100,950000
fiat,Egea,3,5000,100,990000
fiat,Egea,4,68000,95,810000
fiat,Egea,4,5000,95,980000
fiat,Egea,4,31500,95,840000
fiat,Egea,5,85000,95,780000
fiat,Egea,6,110000,95,710000
fiat,Egea,7,130000,95,670000
fiat,Egea,7,140400,95,670000
fiat,Egea,8,150000,95,620000
fiat,Egea,8,122400,95,693200
fiat,Egea,8,5000,100,862300
fiat,Egea,9,5000,95,759800
fiat,Egea,9,133000,95,670000
fiat,Egea,9,258000,95,620000
fiat,Linea,9,170000,95,590000
fiat,Linea,9,119000,95,590000
fiat,Linea,10,190000,90,550000
fiat,Linea,11,210900,90,544100
fiat,Linea,12,161500,95,590000
fiat,Linea,13,161500,90,550000
fiat,Punto,12,210000,90,480000
fiat,Punto,13,159600,90,480000
fiat,Punto,15,201600,90,480000
ford,Focus,1,12000,100,1180000
ford,Focus,2,25000,100,1050000
ford,Focus,3,42000,100,1120000
ford,Focus,3,5000,100,1180000
ford,Focus,3,17500,100,1050000
ford,Focus,4,55000,125,1280000
ford,Focus,4,37800,100,1120000
ford,Focus,5,85000,125,1140000
ford,Focus,6,110000,125,1100000
ford,Focus,6,66000,125,1235400
ford,Focus,7,130000,115,890000
ford,Focus,7,92000,125,1100000
ford,Focus,7,5000,125,1280000
ford,Focus,8,150000,100,800000
ford,Focus,9,170000,100,730000
ford,Focus,9,185250,115,826300
ford,Focus,9,102000,100,869200
ford,Focus,10,180000,115,720000
ford,Focus,11,200000,115,680000
ford,Focus,12,168000,115,709200
ford,Focus,12,132300,100,800000
ford,Focus,12,306000,100,730000
ford,Focus,13,240000,100,580000
ford,Focus,13,290000,115,680000
ford,Focus,14,288000,100,580000
ford,Focus,16,228000,100,580000
honda,Civic,3,33400,58,432000
honda,Civic,3,19000,76,580000
honda,Civic,3,19700,86,642000
honda,Civic,4,20700,86,642000
honda,Civic,4,25380,76,580000
honda,Civic,5,28710,58,432000
honda,Civic,5,13300,76,580000
honda,Civic,6,14184,86,642000
honda,Civic,7,22680,58,432000
honda,Civic,7,114700,86,439000
honda,Civic,8,160580,86,381900
honda,Civic,10,166300,76,268000
honda,Civic,10,121700,86,379000
honda,Civic,11,170196,86,363700
honda,Civic,11,159648,76,268000
honda,Civic,13,205600,86,299000
honda,Civic,13,275240,76,252600
honda,Civic,13,236080,86,299000
honda,Civic,14,196800,76,250000
honda,Civic,15,194880,86,299000
honda,Civic,16,160200,101,358000
honda,Civic,17,264480,76,250000
honda,Civic,17,178703,101,358000
honda,Civic,18,259520,76,250000
honda,Civic,18,187434,101,358000
honda,Civic,20,182200,60,175000
honda,Civic,20,381600,76,150000
honda,Civic,21,417100,100,195000
honda,Civic,21,147582,60,175000
honda,Civic,21,314568,100,195000
honda,Civic,22,231500,76,178000
honda,Civic,22,392490,76,150000
honda,Civic,23,203232,60,175000
honda,Civic,23,272650,76,178000
honda,Civic,24,341952,100,195000
hyundai,Accent,9,175000,90,660000
hyundai,Accent,11,200000,90,590000
hyundai,Accent,12,192500,90,590000
hyundai,Accent,13,160000,90,590000
hyundai,Accent,13,212000,90,590000
hyundai,i20,1,15000,115,1120000
hyundai,i20,1,12000,100,1100000
hyundai,i20,1,10500,115,1120000
hyundai,i20,1,13200,100,1100000
hyundai,i20,2,26000,115,1080000
hyundai,i20,3,45000,100,1010000
hyundai,i20,4,65000,100,960000
hyundai,i20,4,31500,100,1010000
hyundai,i20,5,75000,100,930000
hyundai,i20,5,48750,100,960000
hyundai,i20,5,35200,115,1080000
hyundai,i20,6,52500,100,930000
hyundai,i20,6,77000,115,1080000
hyundai,i30,5,100000,115,880000
hyundai,i30,6,90000,115,910000
hyundai,i30,7,130000,100,850000
hyundai,i30,7,72000,115,910000
hyundai,i30,8,150000,115,780000
hyundai,i30,8,144000,100,828000
hyundai,i30,8,120000,115,880000
hyundai,i30,9,5000,115,910000
hyundai,i30,9,105000,100,850000
hyundai,i30,9,255000,115,780000
isuzu,D-Max,10,147300,90,381000
isuzu,D-Max,11,257775,90,381000
isuzu,D-Max,12,123732,90,381000
isuzu,D-Max,16,134200,78,304000
isuzu,D-Max,17,313400,70,150000
isuzu,D-Max,18,171776,78,304000
isuzu,D-Max,18,253854,70,150000
isuzu,D-Max,19,100650,78,304000
isuzu,D-Max,22,277900,70,154000
isuzu,D-Max,23,208425,70,154000
isuzu,D-Max,26,366670,70,154000
jaguar,F-Pace,6,71200,262,4800000
jaguar,F-Pace,7,67640,262,4800000
jaguar,F-Pace,9,121040,262,4800000
jaguar,XE,11,159600,176,2178000
jaguar,XE,12,279300,176,2012800
jaguar,XE,14,215460,176,2178000
jaguar,XF,12,254600,176,1825000
jaguar,XF,13,180766,176,1825000
jaguar,XF,15,381900,176,1712400
kia,Ceed,4,60000,120,1100000
kia,Ceed,5,5000,120,1100000
kia,Ceed,7,81600,120,1100000
kia,Rio,1,15000,120,1250000
kia,Rio,2,30000,120,1210000
kia,Rio,3,21000,120,1210000
kia,Rio,3,25500,120,1250000
kia,Rio,5,5000,120,1210000
kia,Sportage,7,130000,120,900000
kia,Sportage,8,126100,120,900000
kia,Sportage,10,221000,120,900000
kia,Stonic,3,40000,120,1180000
kia,Stonic,4,52000,120,1180000
kia,Stonic,6,33600,120,1180000
mazda,2,12,176800,64,230000
mazda,2,13,242224,64,230000
mazda,2,14,173264,64,230000
mazda,3,3,48500,68,422000
mazda,3,3,49000,101,723000
mazda,3,3,25100,84,612000
mazda,3,4,77500,72,457000
mazda,3,4,36750,68,422000
mazda,3,4,5000,84,612000
mazda,3,5,35280,101,723000
mazda,3,6,33950,68,422000
mazda,3,6,83300,72,457000
mazda,3,7,143400,68,277000
mazda,3,7,5000,101,723000
mazda,3,7,5000,84,612000
mazda,3,9,90928,68,277000
mazda,3,9,128050,72,457000
mazda,3,11,102600,68,314000
mazda,3,12,156400,84,332000
mazda,3,13,101600,84,385000
mazda,3,13,161028,68,277000
mazda,3,14,122760,68,314000
mazda,3,14,172040,84,332000
mazda,3,15,156408,84,332000
mazda,3,16,5000,84,385000
mazda,3,17,143600,101,344000
mazda,3,18,124932,101,344000
mazda,3,18,251300,101,344000
mazda,6,20,175000,120,366000
mazda,6,21,440300,135,342000
mazda,6,22,467200,84,150000
mazda,6,22,203000,120,366000
mazda,6,22,414000,135,342000
mazda,6,23,292000,120,366000
mazda,6,23,541992,135,342000
mazda,6,25,593608,84,150000
mazda,6,25,616144,84,150000
mazda,323,14,295500,68,150000
mazda,323,14,222500,68,191000
mazda,323,15,155750,68,191000
mazda,323,15,236400,68,150000
mazda,323,16,325050,68,150000
mazda,323,16,227500,68,191000
mazda,626,25,444200,101,183000
mazda,626,25,326800,84,174000
mazda,626,26,497504,84,174000
mazda,626,27,501966,101,183000
mazda,626,28,573018,101,183000
mazda,626,29,300896,84,174000
mercedes-benz,C Serisi,1,18000,170,3900000
mercedes-benz,C Serisi,1,12600,170,3900000
mercedes-benz,C Serisi,2,30000,170,3700000
mercedes-benz,C Serisi,3,45000,170,3500000
mercedes-benz,C Serisi,4,31500,170,3500000
mercedes-benz,C Serisi,4,42000,170,3700000
mercedes-benz,C Serisi,4,5000,170,3900000
mercedes-benz,C Serisi,5,90000,170,2800000
mercedes-benz,C Serisi,6,110000,170,2600000
mercedes-benz,C Serisi,7,130000,170,2400000
mercedes-benz,C Serisi,7,140400,170,2400000
mercedes-benz,C Serisi,7,121000,170,2600000
mercedes-benz,C Serisi,8,160000,156,2250000
mercedes-benz,C Serisi,8,112000,156,2250000
mercedes-benz,C Serisi,9,117000,170,2400000
mercedes-benz,C Serisi,10,188800,156,2146400
mercedes-benz,C Serisi,10,216000,170,2400000
mercedes-benz,E Serisi,9,180000,156,2100000
mercedes-benz,E Serisi,10,200000,156,1950000
mercedes-benz,E Serisi,11,230000,156,1700000
mercedes-benz,E Serisi,11,306000,156,1950000
mercedes-benz,E Serisi,12,161000,156,1700000
mercedes-benz,E Serisi,13,260000,170,1400000
mercedes-benz,E Serisi,14,161000,156,2100000
mercedes-benz,E Serisi,14,452400,170,1400000
mercedes-benz,E Serisi,15,345000,156,1700000
mercedes-benz,E Serisi,16,320000,150,1100000
mercedes-benz,E Serisi,16,320000,170,1400000
mercedes-benz,E Serisi,18,336000,150,1100000
mercedes-benz,E Serisi,19,416000,150,1100000
mercury,Grand Marquis,17,294500,175,808000
mercury,Grand Marquis,18,262105,175,808000
mercury,Grand Marquis,20,253270,175,808000
mitsubishi,Colt,20,381500,88,192000
mitsubishi,Colt,20,317700,88,230000
mitsubishi,Colt,21,222390,88,230000
mitsubishi,Colt,22,476875,88,192000
mitsubishi,Colt,23,278880,88,230000
mitsubishi,Colt,24,274050,88,192000
mitsubishi,Galant,21,399300,145,361000
mitsubishi,Galant,24,312300,145,336000
mitsubishi,Galant,25,475800,116,192000
mitsubishi,Galant,26,468450,145,336000
mitsubishi,Galant,26,493206,145,361000
mitsubishi,Galant,28,594750,116,192000
mitsubishi,Galant,29,650148,145,336000
mitsubishi,Galant,29,555510,116,192000
mitsubishi,Lancer,10,105100,102,520000
mitsubishi,Lancer,12,236200,68,207000
mitsubishi,Lancer,12,176200,145,642000
mitsubishi,Lancer,12,165340,102,520000
mitsubishi,Lancer,13,248400,68,210000
mitsubishi,Lancer,13,205800,88,296000
mitsubishi,Lancer,14,173740,68,210000
mitsubishi,Lancer,14,299520,68,207000
mitsubishi,Lancer,14,153156,145,642000
mitsubishi,Lancer,14,260120,88,296000
mitsubishi,Lancer,15,134200,68,229000
mitsubishi,Lancer,15,199800,116,417000
mitsubishi,Lancer,16,226800,116,417000
mitsubishi,Lancer,16,228140,68,229000
mitsubishi,Lancer,16,263340,88,296000
mitsubishi,Lancer,17,107360,68,229000
mitsubishi,Lancer,18,283797,116,417000
mitsubishi,Lancer,19,255100,116,311000
mitsubishi,Lancer,20,229590,116,311000
mitsubishi,Lancer,21,247974,145,642000
mitsubishi,Lancer,22,390770,116,311000
nissan,Juke,2,22000,115,1160000
nissan,Juke,3,15400,115,1160000
nissan,Juke,5,35200,115,1160000
nissan,Micra,7,120000,115,920000
nissan,Micra,8,168000,115,920000
nissan,Micra,11,164800,69,256000
nissan,Micra,12,253000,69,197000
nissan,Micra,13,229600,69,256000
nissan,Micra,14,151500,69,243000
nissan,Micra,14,255010,69,197000
nissan,Micra,15,197118,69,243000
nissan,Micra,16,190950,69,243000
nissan,Micra,17,264480,115,810000
nissan,Micra,19,191900,69,198000
nissan,Micra,19,370800,69,150000
nissan,Micra,20,316000,69,165000
nissan,Micra,20,243040,69,198000
nissan,Micra,21,221200,69,165000
nissan,Micra,22,319600,69,165000
nissan,Micra,23,375400,69,150000
nissan,Micra,23,368160,69,150000
nissan,Micra,24,316080,69,198000
nissan,Micra,25,441200,55,150000
nissan,Micra,26,494144,55,150000
nissan,Micra,27,465920,69,150000
nissan,Micra,28,573560,55,150000
nissan,Qashqai,4,60000,115,1100000
nissan,Qashqai,5,80000,115,1050000
nissan,Qashqai,6,42000,115,1100000
nissan,Qashqai,7,117500,69,300000
nissan,Qashqai,7,143400,69,301000
nissan,Qashqai,8,94000,69,300000
nissan,Qashqai,8,154200,152,812000
nissan,Qashqai,8,121360,115,1050000
nissan,Qashqai,9,170000,115,810000
nissan,Qashqai,9,100380,69,301000
nissan,Qashqai,9,169620,152,812000
nissan,Qashqai,10,210200,97,404000
nissan,Qashqai,10,134400,115,965000
nissan,Qashqai,11,231220,97,404000
nissan,Qashqai,12,287700,115,810000
nissan,Qashqai,13,151840,97,404000
nissan,Qashqai,14,116600,97,443000
nissan,Qashqai,15,5000,97,443000
nissan,Qashqai,17,141440,97,443000
nissan,X-Trail,16,192700,200,1022000
nissan,X-Trail,17,184510,200,1022000
nissan,X-Trail,18,146432,200,1022000
nissan,X-Trail,19,307000,152,533000
nissan,X-Trail,19,343300,160,578000
nissan,X-Trail,21,438900,152,533000
nissan,X-Trail,22,234400,160,551000
nissan,X-Trail,22,414120,160,578000
nissan,X-Trail,23,495100,152,344000
nissan,X-Trail,24,344400,160,551000
nissan,X-Trail,24,5000,152,344000
nissan,X-Trail,25,5000,160,551000
nissan,X-Trail,26,408940,152,344000
opel,Astra,3,40000,120,1080000
opel,Astra,4,65000,115,990000
opel,Astra,5,88000,115,930000
opel,Astra,6,100000,110,870000
opel,Astra,6,5000,115,990000
opel,Astra,7,115000,100,800000
opel,Astra,7,61600,115,930000
opel,Astra,7,5000,120,1080000
opel,Astra,8,140000,110,820000
opel,Astra,8,160000,110,750000
opel,Astra,8,5000,115,930000
opel,Astra,9,152000,110,820000
opel,Astra,10,190000,100,600000
opel,Astra,10,133000,110,820000
opel,Astra,10,128000,110,750000
opel,Astra,11,285000,100,600000
opel,Astra,12,220000,100,530000
opel,Astra,12,222400,110,750000
opel,Astra,12,232000,100,800000
opel,Astra,13,154000,100,530000
opel,Astra,15,280000,100,430000
opel,Astra,17,369600,100,430000
opel,Astra,18,322000,100,430000
opel,Corsa,1,14000,120,1180000
opel,Corsa,2,28000,120,1130000
opel,Corsa,3,19600,120,1130000
opel,Corsa,3,23800,120,1180000
opel,Corsa,5,5000,120,1130000
peugeot,206,20,298500,95,248000
peugeot,206,20,283500,95,252000
peugeot,206,21,249480,95,248000
peugeot,206,22,272160,95,252000
peugeot,206,23,269325,95,248000
peugeot,206,25,483100,95,150000
peugeot,206,26,676340,95,150000
peugeot,206,28,5000,95,150000
peugeot,207,16,334600,95,261000
peugeot,207,17,294448,95,261000
peugeot,207,19,458384,95,261000
peugeot,208,1,9000,130,1600000
peugeot,208,2,28000,100,1280000
peugeot,208,3,20500,95,670000
peugeot,208,3,19600,100,1280000
peugeot,208,4,17360,95,670000
peugeot,208,5,5000,130,1600000
peugeot,208,6,27650,95,670000
peugeot,208,12,171600,97,364000
peugeot,208,13,240240,97,364000
peugeot,208,15,154440,97,364000
peugeot,2008,2,32000,130,1500000
peugeot,2008,3,5000,130,1500000
peugeot,2008,4,65000,100,1220000
peugeot,2008,5,85000,100,1150000
peugeot,2008,5,5000,130,1500000
peugeot,2008,6,108800,100,1150000
peugeot,2008,7,55250,100,1220000
peugeot,301,8,140000,112,850000
peugeot,301,9,175000,112,811000
peugeot,301,11,112000,112,850000
peugeot,301,13,250000,112,610000
peugeot,301,14,175000,112,610000
peugeot,301,16,380000,112,610000
peugeot,308,4,75000,130,1350000
peugeot,308,5,52500,130,1350000
peugeot,308,6,115000,130,1180000
peugeot,308,7,5000,130,1350000
peugeot,308,8,157100,97,432000
peugeot,308,8,85500,95,490000
peugeot,308,8,136000,130,1180000
peugeot,308,9,125680,97,432000
peugeot,308,10,147800,97,457000
peugeot,308,10,132800,95,457000
peugeot,308,10,185000,112,750000
peugeot,308,11,170240,95,457000
peugeot,308,11,108850,112,750000
peugeot,308,11,106240,95,490000
peugeot,308,12,165680,97,457000
peugeot,308,12,132500,112,750000
peugeot,308,13,240890,97,432000
peugeot,308,13,221520,95,457000
peugeot,3008,3,38000,130,1420000
peugeot,3008,4,26600,130,1420000
peugeot,3008,6,5000,130,1420000
peugeot,3008,7,120000,130,1120000
peugeot,3008,8,192000,130,1120000
peugeot,3008,10,112000,130,1120000
peugeot,407,22,347400,142,398000
peugeot,407,23,430776,142,398000
peugeot,407,26,368244,142,398000
plymouth,Neon,10,111800,68,283000
plymouth,Neon,12,145340,68,283000
plymouth,Neon,13,106260,68,283000
plymouth,Neon,16,218700,68,205000
plymouth,Neon,17,187662,68,205000
plymouth,Neon,18,300700,68,150000
plymouth,Neon,19,376320,68,205000
plymouth,Neon,20,210490,68,150000
plymouth,Neon,21,299700,102,287000
plymouth,Neon,23,275724,102,287000
plymouth,Neon,24,344580,102,287000
plymouth,Neon,24,270690,68,150000
plymouth,Prowler,3,52900,68,414000
plymouth,Prowler,4,37030,68,414000
plymouth,Prowler,6,53000,88,535000
plymouth,Prowler,6,85280,68,414000
plymouth,Prowler,8,47700,88,535000
plymouth,Prowler,9,5000,88,535000
plymouth,Voyager,13,261500,145,573000
plymouth,Voyager,14,350410,145,573000
plymouth,Voyager,16,222275,145,573000
porsche,911,21,343300,288,2666000
porsche,911,22,398228,288,2666000
porsche,911,25,329568,288,2666000
porsche,718 Cayman,5,48300,207,4771000
porsche,718 Cayman,6,114100,207,4222000
porsche,718 Cayman,7,5000,207,4771000
porsche,718 Cayman,8,193970,207,4222000
porsche,718 Cayman,8,5000,207,4771000
porsche,718 Cayman,9,152740,207,4222000
porsche,Cayman,10,166100,207,2844000
porsche,Cayman,11,116270,207,2844000
porsche,Cayman,13,249150,207,2844000
porsche,Cayman,15,190400,143,1402000
porsche,Cayman,16,133280,143,1402000
porsche,Cayman,18,257040,143,1402000
renault,Clio,1,10000,115,1050000
renault,Clio,2,18000,100,990000
renault,Clio,3,41000,100,940000
renault,Clio,4,5000,100,990000
renault,Clio,4,5000,115,1050000
renault,Clio,5,70000,115,980000
renault,Clio,5,29400,100,940000
renault,Clio,6,5000,115,980000
renault,Clio,6,12600,100,990000
renault,Clio,7,95400,90,443000
renault,Clio,7,120000,90,730000
renault,Clio,8,140000,90,680000
renault,Clio,8,148800,90,710200
renault,Clio,9,170000,90,630000
renault,Clio,9,162400,90,680000
renault,Clio,10,180000,90,600000
renault,Clio,10,125160,90,443000
renault,Clio,10,120000,90,730000
renault,Clio,11,234000,90,600000
renault,Clio,12,220000,85,500000
renault,Clio,13,154000,85,500000
renault,Clio,13,273600,90,600000
renault,Clio,15,250000,85,420000
renault,Clio,16,375000,85,420000
renault,Clio,17,175000,85,420000
renault,Clio,21,342400,90,178000
renault,Clio,22,397224,90,178000
renault,Clio,25,321656,90,178000
renault,Megane,4,55000,100,890000
renault,Megane,5,38500,100,890000
renault,Megane,6,90000,115,900000
renault,Megane,7,5000,100,890000
renault,Megane,8,153000,115,900000
renault,Megane,9,108000,115,900000
saab,9-3,10,172100,110,757000
saab,9-3,11,146300,160,1102000
saab,9-3,12,120470,110,757000
saab,9-3,13,250680,110,757000
saab,9-3,14,124350,160,1102000
saab,9-3,16,339200,110,466000
saab,9-3,16,252800,110,517000
saab,9-3,17,298496,110,466000
saab,9-3,18,214880,110,517000
saab,9-3,19,326400,110,466000
saab,9-3,19,316000,110,517000
saab,9-3,20,158600,110,459000
saab,9-3,21,150670,110,459000
saab,9-3,23,277550,110,459000
saab,9-5,20,387300,160,642000
saab,9-5,21,445395,160,642000
saab,9-5,23,433776,160,642000
seat,Leon,1,14000,110,1160000
seat,Leon,2,25000,110,1120000
seat,Leon,3,37500,110,1120000
seat,Leon,4,60000,110,1050000
seat,Leon,4,5000,110,1160000
seat,Leon,5,80000,110,980000
seat,Leon,6,56000,110,980000
seat,Leon,6,42000,110,1050000
seat,Leon,7,120000,110,850000
seat,Leon,9,204000,110,850000
seat,Leon,10,120000,110,850000
skoda,Octavia,1,15000,110,1250000
skoda,Octavia,3,48000,110,1150000
skoda,Octavia,4,70000,110,1080000
skoda,Octavia,4,5000,110,1250000
skoda,Octavia,5,33600,110,1150000
skoda,Octavia,6,105000,115,950000
skoda,Octavia,7,125000,150,1100000
skoda,Octavia,7,5000,110,1080000
skoda,Octavia,8,150000,105,840000
skoda,Octavia,8,175000,150,1100000
skoda,Octavia,9,160000,105,780000
skoda,Octavia,9,5000,115,950000
skoda,Octavia,9,131250,150,1100000
skoda,Octavia,11,200000,105,690000
skoda,Octavia,11,272000,105,780000
skoda,Octavia,12,170000,105,840000
skoda,Octavia,13,180000,105,840000
skoda,Octavia,13,340000,105,690000
skoda,Octavia,14,140000,105,690000
skoda,Superb,2,30000,150,1350000
skoda,Superb,3,55000,150,1280000
skoda,Superb,4,5000,150,1350000
skoda,Superb,5,85000,115,1020000
skoda,Superb,6,38500,150,1280000
skoda,Superb,7,5000,115,1020000
skoda,Superb,8,5000,150,1280000
skoda,Superb,10,180000,115,800000
skoda,Superb,12,234000,115,800000
skoda,Superb,13,162000,115,800000
subaru,Impreza,8,92400,82,422000
subaru,Impreza,10,115500,82,422000
subaru,Impreza,11,5000,82,422000
subaru,Impreza,14,166300,69,238000
subaru,Impreza,14,249300,82,237000
subaru,Impreza,14,287600,82,217000
subaru,Impreza,16,210900,82,277000
subaru,Impreza,16,202510,82,237000
subaru,Impreza,17,244460,82,217000
subaru,Impreza,17,133040,69,238000
subaru,Impreza,17,179265,82,277000
subaru,Impreza,18,212350,82,237000
subaru,Impreza,19,241590,69,238000
subaru,Impreza,19,328160,82,217000
subaru,Impreza,20,387400,73,150000
subaru,Impreza,20,358000,73,150000
subaru,Impreza,21,490572,73,150000
subaru,Impreza,22,430100,82,158000
subaru,Impreza,23,438080,73,150000
subaru,Impreza,23,409500,73,150000
subaru,Impreza,25,5000,82,158000
subaru,Impreza,26,5000,82,158000
subaru,Legacy,12,143400,111,445000
subaru,Legacy,13,275900,111,356000
subaru,Legacy,14,200760,111,445000
subaru,Legacy,14,193130,111,356000
subaru,Legacy,16,298180,111,356000
subaru,Legacy,19,170400,94,323000
subaru,Legacy,20,119280,94,323000
subaru,Legacy,22,272640,94,323000
subaru,Legacy,24,242800,94,240000
subaru,Legacy,25,296216,94,240000
subaru,Legacy,28,218520,94,240000
toyota,Avensis,10,132800,116,580000
toyota,Avensis,11,225760,116,580000
toyota,Avensis,13,151824,116,580000
toyota,Avensis,14,149800,161,698000
toyota,Avensis,16,194880,161,698000
toyota,Avensis,17,305000,116,308000
toyota,Avensis,17,175000,161,698000
toyota,Avensis,18,295600,116,303000
toyota,Avensis,19,236320,116,308000
toyota,Avensis,20,381100,116,277000
toyota,Avensis,20,261888,116,303000
toyota,Avensis,21,437600,161,432000
toyota,Avensis,22,239300,116,286000
toyota,Avensis,22,304880,116,277000
toyota,Avensis,23,275640,116,286000
toyota,Avensis,24,588060,161,432000
toyota,Avensis,25,310100,116,227000
toyota,Avensis,26,522120,161,432000
toyota,Avensis,28,446540,116,227000
toyota,Avensis,28,317940,116,227000
toyota,Avensis,29,300840,116,286000
toyota,Camry,11,107300,156,772000
toyota,Camry,13,139490,156,772000
toyota,Camry,14,5000,156,772000
toyota,Camry,18,335900,156,466000
toyota,Camry,19,396362,156,466000
toyota,Camry,21,403080,156,466000
toyota,Corolla,1,8000,132,1550000
toyota,Corolla,2,22000,120,1480000
toyota,Corolla,3,35000,120,1410000
toyota,Corolla,3,47300,92,642000
toyota,Corolla,4,60000,132,1300000
toyota,Corolla,4,31500,120,1410000
toyota,Corolla,4,5000,132,1550000
toyota,Corolla,5,75000,120,1250000
toyota,Corolla,5,5000,120,1480000
toyota,Corolla,6,73900,62,317000
toyota,Corolla,6,95000,132,1150000
toyota,Corolla,6,66500,132,1150000
toyota,Corolla,7,115000,110,980000
toyota,Corolla,7,5000,120,1250000
toyota,Corolla,8,107100,70,309000
toyota,Corolla,8,140000,120,940000
toyota,Corolla,8,5000,92,642000
toyota,Corolla,9,160000,110,880000
toyota,Corolla,9,169400,120,940000
toyota,Corolla,9,133280,110,980000
toyota,Corolla,9,5000,62,317000
toyota,Corolla,10,131200,62,250000
toyota,Corolla,10,119900,62,238000
toyota,Corolla,11,208300,62,199000
toyota,Corolla,11,158400,110,880000
toyota,Corolla,11,170880,70,309000
toyota,Corolla,11,137970,62,238000
toyota,Corolla,12,185400,112,488000
toyota,Corolla,12,168800,112,501000
toyota,Corolla,12,200000,110,750000
toyota,Corolla,13,159840,62,250000
toyota,Corolla,13,273600,110,750000
toyota,Corolla,13,249640,112,488000
toyota,Corolla,14,141300,70,250000
toyota,Corolla,14,272800,92,285000
toyota,Corolla,14,240000,100,550000
toyota,Corolla,15,197820,70,250000
toyota,Corolla,15,229500,112,501000
toyota,Corolla,15,188160,62,199000
toyota,Corolla,16,165200,70,207000
toyota,Corolla,16,300000,100,450000
toyota,Corolla,17,163000,70,200000
toyota,Corolla,17,304000,100,550000
toyota,Corolla,17,332800,100,450000
toyota,Corolla,18,333800,92,233000
toyota,Corolla,18,250440,92,285000
toyota,Corolla,19,252200,70,188000
toyota,Corolla,19,161100,73,222000
toyota,Corolla,19,252800,92,249000
toyota,Corolla,19,258400,70,200000
toyota,Corolla,19,174870,73,222000
toyota,Corolla,20,217360,70,188000
toyota,Corolla,20,219920,92,249000
toyota,Corolla,21,374000,70,150000
toyota,Corolla,21,317700,92,233000
toyota,Corolla,21,360640,70,188000
toyota,Corolla,21,248640,70,207000
toyota,Corolla,22,231500,62,159000
toyota,Corolla,22,382600,62,150000
toyota,Corolla,23,275640,62,159000
toyota,Corolla,23,205650,62,150000
toyota,Corolla,24,360900,70,150000
toyota,Corolla,25,444460,62,150000
toyota,Corolla,25,270450,62,159000
toyota,Corolla,25,261000,70,150000
toyota,Corolla,25,331850,73,222000
toyota,Corolla,26,442400,92,249000
toyota,Corolla,27,409500,70,150000
toyota,Yaris,15,178000,56,170000
toyota,Yaris,16,124600,56,170000
toyota,Yaris,18,221200,56,170000
toyota,Yaris,20,323000,56,150000
toyota,Yaris,21,226100,56,150000
toyota,Yaris,23,445750,56,150000
volkswagen,Golf 4,19,394700,85,188000
volkswagen,Golf 4,19,206700,85,250000
volkswagen,Golf 4,20,335495,85,188000
volkswagen,Golf 4,20,213820,85,250000
volkswagen,Golf 4,21,208000,85,217000
volkswagen,Golf 4,21,380100,90,178000
volkswagen,Golf 4,23,238800,85,217000
volkswagen,Golf 4,23,203350,85,250000
volkswagen,Golf 4,24,321600,85,217000
volkswagen,Golf 4,24,444640,90,178000
volkswagen,Golf 4,25,532140,90,178000
volkswagen,Golf 6,12,230800,88,309000
volkswagen,Golf 6,13,222600,90,311000
volkswagen,Golf 6,14,161560,88,309000
volkswagen,Golf 6,15,165000,110,422000
volkswagen,Golf 6,16,333900,90,311000
volkswagen,Golf 6,17,115500,110,422000
volkswagen,Golf 6,17,276000,88,309000
volkswagen,Golf 6,18,181500,110,422000
volkswagen,Golf 7,5,82000,110,1250000
volkswagen,Golf 7,6,100000,110,1150000
volkswagen,Golf 7,7,5000,110,1250000
volkswagen,Golf 7,8,120000,110,1150000
volkswagen,Golf 7,9,5000,110,1250000
volkswagen,Golf 7,10,190000,105,900000
volkswagen,Golf 7,11,285000,105,900000
volkswagen,Golf 7,13,161500,105,900000
volkswagen,Golf 8,1,10000,110,1650000
volkswagen,Golf 8,2,30000,110,1550000
volkswagen,Golf 8,3,52200,100,709000
volkswagen,Golf 8,3,45000,110,1450000
volkswagen,Golf 8,4,60000,110,1350000
volkswagen,Golf 8,4,31500,110,1450000
volkswagen,Golf 8,4,5000,110,1650000
volkswagen,Golf 8,5,42000,110,1350000
volkswagen,Golf 8,5,5000,110,1550000
volkswagen,Golf 8,6,5000,100,709000
volkswagen,Golf 8,6,5000,100,709000
volkswagen,Jetta,14,260000,105,650000
volkswagen,Jetta,15,182000,105,650000
volkswagen,Jetta,17,364000,105,650000
volkswagen,Passat,7,120000,150,1650000
volkswagen,Passat,8,145000,150,1400000
volkswagen,Passat,9,160000,150,1350000
volkswagen,Passat,9,180000,150,1350000
volkswagen,Passat,10,180000,150,1350000
volkswagen,Passat,11,200000,150,1100000
volkswagen,Passat,11,252000,150,1100000
volkswagen,Passat,12,168000,150,1650000
volkswagen,Passat,13,140000,150,1100000
volkswagen,Polo,10,95800,52,223000
volkswagen,Polo,11,162860,52,223000
volkswagen,Polo,12,100004,52,223000
volkswagen,Polo,13,277200,52,150000
volkswagen,Polo,14,221760,52,150000
volkswagen,Polo,16,368480,52,150000
volkswagen,Polo,21,390200,68,150000
volkswagen,Polo,22,357800,68,150000
volkswagen,Polo,23,250460,68,150000
volkswagen,Polo,24,5000,68,150000
volkswagen,Polo,25,514920,68,150000
volkswagen,Polo,26,419520,68,150000
volvo,S60,3,45000,150,2400000
volvo,S60,4,70000,150,2200000
volvo,S60,5,31500,150,2400000
volvo,S60,6,100000,150,1900000
volvo,S60,6,5000,150,2200000
volvo,S60,7,72500,114,1048000
volvo,S60,8,93800,114,996000
volvo,S60,8,162200,114,891000
volvo,S60,8,85500,114,958000
volvo,S60,8,140000,150,1650000
volvo,S60,9,5000,114,1048000
volvo,S60,9,131320,114,996000
volvo,S60,10,105100,106,724000
volvo,S60,10,153100,150,1900000
volvo,S60,11,170880,114,891000
volvo,S60,11,144720,114,996000
volvo,S60,12,207300,160,1035000
volvo,S60,12,254300,134,736000
volvo,S60,12,5000,106,724000
volvo,S60,12,198180,114,891000
volvo,S60,13,115200,114,719000
volvo,S60,13,130000,114,958000
volvo,S660,14,172890,160,1035000
volvo,S60,14,294000,150,1650000
volvo,S60,15,161280,114,719000
volvo,S60,15,283120,134,736000
volvo,S60,15,193230,114,719000
volvo,S60,15,203490,106,724000
volvo,S60,21,373900,114,392000
volvo,S60,22,437663,114,392000
volvo,S60,25,418768,114,392000
volvo,S80,10,135500,162,1217000
volvo,S80,11,189700,162,1217000
volvo,S80,13,189700,162,1217000
volvo,S80,20,385100,162,642000
volvo,S80,21,442865,162,642000
volvo,S80,23,431312,162,642000
volvo,S90,1,15000,190,2900000
volvo,S90,2,10500,190,2900000
volvo,S90,4,24000,190,2900000